demand_band	stress_band	cost_band	action	severity	headline	short_message	long_narrative	final_recommendation
Low	Low	Low	HOLD	Info	Stable Low-Demand Environment	Demand is below normal with minimal operating pressure	Forecast volume is running below historical norms, while both labor cost pressure and operational stress remain low. Current staffing appears manageable, and there is no immediate need for aggressive action. The most effective strategy is to maintain stability, monitor weekly demand movement, and preserve flexibility for future changes.	Maintain current staffing while monitoring demand trends.
Low	Low	Medium	VTO	Info	Soft Demand Cost Optimization	Low demand with moderate labor cost pressure	Demand is forecasted below expected levels while labor costs are beginning to rise. Because the operation remains stable, this creates a controlled opportunity to reduce idle paid hours without harming service performance. Selective labor reduction can improve efficiency while preserving responsiveness.	Use selective VTO to optimize labor spend.
Low	Low	High	VTO	Warning	Low Demand Margin Protection	Weak demand combined with elevated labor costs	Demand remains below normal while labor costs are elevated. Recommend phased VTO, tighter schedule alignment, and reduction of nonessential overtime.	Reduce excess labor through targeted VTO.
Low	Medium	Low	HOLD	Info	Soft Demand with Execution Friction	Demand is low but mild operational stress exists	Although forecast demand is below normal, some execution friction is present in the operation. Immediate staffing reductions may increase pressure on already constrained workflows. Operational stability should be prioritized before labor adjustments are made.	Hold staffing and resolve workflow issues first.
Low	Medium	Medium	VTO	Info	Balanced Efficiency Opportunity	Low demand with manageable cost and stress levels	Demand is below normal, labor costs are moderate, and operational stress remains manageable. This is a favorable environment for controlled efficiency actions. Selective VTO can reduce idle cost while maintaining enough staffing flexibility to absorb unexpected changes.	Use controlled VTO while monitoring service levels.
Low	Medium	High	VTO	Warning	Cost Pressure During Weak Demand	Low demand and rising labor expense	Demand is soft while labor costs are elevated, creating a mismatch between workload and staffing expense. Moderate stress levels suggest reductions should be measured rather than aggressive. Smart schedule adjustments can protect cost performance without disrupting throughput.	Reduce staffing carefully through VTO and tighter scheduling.
Low	High	Low	HOLD	Warning	Operational Stress Overrides Demand	Low demand but severe execution pressure	Even though forecast demand is low, operational stress is elevated. This suggests the main challenge is process execution rather than staffing volume. Cutting labor too early could worsen delays or instability. Immediate focus should be on bottlenecks, not headcount reduction.	Maintain staffing and stabilize operations.
Low	High	Medium	HOLD	Warning	Weak Demand Under Strain	Soft demand with stressed operations	Demand is currently soft, but operational stress signals inefficiencies. Reduce excess labor carefully while focusing on process flow, backlog risks, and constraint removal.	Hold staffing and correct operational inefficiencies.
Low	High	High	VTO	Critical	High Cost in Weak Market	Low demand with severe cost and stress pressure	This scenario combines weak demand, high labor cost pressure, and elevated operational stress. Excess staffing is expensive, yet process issues also require attention. The best response is targeted labor reduction paired with immediate operational intervention.	Reduce excess labor while urgently addressing bottlenecks.
Normal	Low	Low	HOLD	Info	Healthy Balanced State	Demand and operations are aligned	Forecast demand is within a normal operating range, and both cost pressure and stress indicators are low. Staffing levels appear aligned with expected workload. No immediate intervention is necessary beyond routine monitoring and execution discipline.	Maintain current staffing plan.
Normal	Low	Medium	HOLD	Info	Stable Demand Moderate Costs	Normal demand with moderate labor pressure	Forecast demand rises briefly in the early weeks before stabilizing for the remainder of the planning horizon. Temporary overtime may be appropriate during the peak period, after which baseline staffing levels should be sufficient. Overall labor cost remains moderate.	Maintain staffing while monitoring labor efficiency.
Normal	Low	High	VTO	Warning	Stable Demand Cost Control	Normal demand but elevated labor expense	Demand is steady, yet labor cost pressure is high relative to expected workload. Because the operation remains stable, selective cost actions can be taken with limited service risk. This is an opportunity to improve productivity without compromising output.	Use selective VTO or tighter scheduling.
Normal	Medium	Low	HOLD	Info	Manageable Mid-State	Normal demand with moderate operational stress	Demand is in line with expectations, while moderate stress suggests manageable execution challenges. Current staffing appears sufficient, and no urgent labor changes are required. Close operational monitoring remains advisable.	Maintain staffing and monitor operations closely.
Normal	Medium	Medium	HOLD	Info	Balanced Operating Scenario	Stable demand with moderate costs and stress	Demand is stable, but operational friction may reduce efficiency. Maintain staffing levels while addressing congestion, workflow balance, and schedule utilization.	No immediate staffing change required.
Normal	Medium	High	VTO	Warning	Stable Demand Rising Costs	Normal demand with increasing labor pressure	Demand remains steady, but labor cost pressure is rising. Moderate stress suggests changes should be disciplined rather than aggressive. Small scheduling improvements or selective VTO can help restore efficiency.	Optimize schedules and reduce idle hours.
Normal	High	Low	HOLD	Warning	Stress Without Demand Pressure	Normal demand but severe operational stress	Demand levels do not justify staffing expansion or reduction, yet high operational stress requires immediate attention. The issue is likely process-related rather than demand-related. Labor levels should remain stable while leadership focuses on execution barriers.	Hold staffing and resolve operational bottlenecks.
Normal	High	Medium	HOLD	Warning	Operational Strain with Cost Pressure	Stable demand with stress risk present	Demand is stable, but the combination of elevated stress and moderate cost pressure signals inefficiency. Cutting labor too quickly may worsen performance. The stronger decision is to rebalance deployment and stabilize operations first.	Rebalance labor deployment and monitor.
Normal	High	High	VTO	Critical	Severe Efficiency Breakdown	Normal demand with high cost and stress pressure	Demand is normal, but severe cost pressure and operational stress indicate a structurally inefficient operating state. Labor levels likely need adjustment, but process redesign is equally important. Immediate corrective action is warranted.	Reduce waste and rebalance staffing urgently.
High	Low	Low	VET	Info	Favorable Growth Opportunity	High demand with stable operations	Forecast demand is above normal while operations remain stable and cost pressure is low. This is an ideal environment for proactive labor expansion. Early staffing support can protect service levels and capture volume efficiently.	Increase staffing proactively through VET.
High	Low	Medium	VET	Warning	Strong Demand Moderate Cost	High demand with manageable labor pressure	Demand is elevated and labor costs are moderate. Adding labor now is likely more efficient than reacting later with premium overtime or delayed throughput. Operational conditions appear supportive of proactive action.	Use targeted VET to support peak weeks.
High	Low	High	VET	Warning	High Demand Expensive Labor	Strong demand despite elevated labor costs	Demand is elevated while labor costs are increasing. Prioritize targeted overtime for critical shifts, optimize labor allocation, and avoid broad overstaffing to control spend.	Use focused VET before peak demand.
High	Medium	Low	VET	Info	High Demand Mild Strain	Strong demand with moderate stress levels	Demand is above normal and moderate stress is emerging. Additional staffing can reduce pressure before bottlenecks worsen. Early reinforcement is likely the most efficient path.	Add labor support before backlog develops.
High	Medium	Medium	VET	Warning	Peak Demand Balanced Risk	Strong demand with moderate cost and stress pressure	Forecast demand is strong while cost and stress remain manageable. This suggests the operation can benefit from added labor while still controlling spend. Proactive staffing is preferable to reactive intervention.	Increase staffing and monitor service levels.
High	Medium	High	VET	Critical	High Demand Cost Strain	Strong demand under cost and execution pressure	High demand is occurring under moderate operational strain and elevated labor cost. Activate contingency staffing, prioritize bottleneck areas, and closely monitor overtime efficiency.	Use controlled VET immediately.
High	High	Low	VET	Warning	Demand Surge Operational Risk	High demand with severe stress indicators	Strong demand is expected while the site is already under strain. Existing staffing may be insufficient to protect throughput. Additional labor plus rapid process stabilization is recommended.	Increase staffing and resolve bottlenecks.
High	High	Medium	VET	Critical	Severe Demand Pressure	High demand with major execution strain	Demand is significantly above normal and the site is experiencing heavy strain. Moderate cost pressure should not delay action. Immediate staffing reinforcement is needed to protect service levels and throughput.	Urgent staffing support recommended.
High	High	High	VET	Critical	Critical Peak Operating Scenario	Maximum demand, cost, and stress pressure detected	Demand surge is occurring alongside elevated operational stress and high labor cost. Immediate staffing action is recommended, including overtime prioritization, shift rebalancing, and daily monitoring of service risk.	Immediate VET action required to avoid larger losses.
